Year,Composite Average Weekly Earnings series,Consumer Price Index (CPI),CPI inflation,,
1209,0.03,0.08,,,
1210,0.03,0.08,2.58,,
1211,0.03,0.09,12.22,,
1212,0.03,0.08,-12.32,,
1213,0.04,0.08,-3.37,,
1214,0.04,0.08,-3.37,,
1215,0.04,0.08,6.34,,
1216,0.03,0.09,6.34,,
1217,0.03,0.10,15.78,,
1218,0.03,0.12,16.62,,
1219,0.04,0.11,-3.13,,
1220,0.03,0.10,-12.67,,
1221,0.03,0.11,11.96,,
1222,0.03,0.09,-15.56,,
1223,0.04,0.08,-15.56,,
1224,0.04,0.09,10.33,,
1225,0.03,0.13,49.66,,
1226,0.03,0.12,-9.56,,
1227,0.03,0.12,0.01,,
1228,0.03,0.12,-1.81,,
1229,0.03,0.12,-1.81,,
1230,0.03,0.11,-1.81,,
1231,0.03,0.11,-1.81,,
1232,0.03,0.11,-1.81,,
1233,0.03,0.10,-5.97,,
1234,0.03,0.10,0.85,,
1235,0.03,0.10,0.85,,
1236,0.03,0.10,-2.85,,
1237,0.03,0.11,10.23,,
1238,0.03,0.11,-2.84,,
1239,0.03,0.11,-2.84,,
1240,0.03,0.10,-2.84,,
1241,0.03,0.10,-2.84,,
1242,0.03,0.10,-2.84,,
1243,0.03,0.09,-2.84,,
1244,0.03,0.09,-2.84,,
1245,0.03,0.09,-2.84,,
1246,0.03,0.10,15.15,,
1247,0.03,0.14,32.36,,
1248,0.03,0.13,-1.27,,
1249,0.03,0.10,-26.06,,
1250,0.03,0.11,9.46,,
1251,0.03,0.10,-6.64,,
1252,0.03,0.10,2.82,,
1253,0.03,0.12,14.95,,
1254,0.03,0.09,-23.60,,
1255,0.03,0.09,2.77,,
1256,0.04,0.12,27.33,,
1257,0.03,0.14,15.91,,
1258,0.03,0.14,-1.67,,
1259,0.04,0.13,-4.52,,
1260,0.04,0.12,-10.82,,
1261,0.03,0.12,6.00,,
1262,0.04,0.12,1.35,,
1263,0.04,0.11,-10.09,,
1264,0.03,0.11,1.78,,
1265,0.03,0.12,3.65,,
1266,0.03,0.12,0.62,,
1267,0.03,0.13,7.35,,
1268,0.03,0.11,-14.57,,
1269,0.03,0.13,19.28,,
1270,0.03,0.13,-2.09,,
1271,0.03,0.16,26.09,,
1272,0.03,0.17,5.06,,
1273,0.03,0.14,-17.02,,
1274,0.03,0.16,13.59,,
1275,0.03,0.16,-2.20,,
1276,0.03,0.14,-10.82,,
1277,0.03,0.16,13.26,,
1278,0.03,0.14,-13.48,,
1279,0.03,0.13,-7.65,,
1280,0.03,0.14,13.20,,
1281,0.03,0.13,-6.62,,
1282,0.03,0.15,15.54,,
1283,0.03,0.15,-3.70,,
1284,0.03,0.15,0.70,,
1285,0.03,0.12,-16.05,,
1286,0.03,0.13,8.10,,
1287,0.03,0.12,-10.01,,
1288,0.03,0.10,-18.14,,
1289,0.03,0.11,8.11,,
1290,0.03,0.12,16.37,,
1291,0.03,0.15,17.12,,
1292,0.03,0.14,-6.50,,
1293,0.03,0.14,0.44,,
1294,0.03,0.16,16.53,,
1295,0.03,0.17,4.38,,
1296,0.03,0.16,-5.10,,
1297,0.03,0.14,-13.84,,
1298,0.03,0.15,8.06,,
1299,0.03,0.15,-0.09,,
1300,0.03,0.15,2.50,,
1301,0.03,0.14,-5.72,,
1302,0.03,0.14,-4.54,,
1303,0.03,0.13,-5.44,,
1304,0.03,0.12,-4.16,,
1305,0.03,0.14,11.64,,
1306,0.03,0.14,1.33,,
1307,0.03,0.13,-4.47,,
1308,0.03,0.15,11.21,,
1309,0.03,0.17,15.75,,
1310,0.03,0.18,5.41,,
1311,0.03,0.18,0.88,,
1312,0.03,0.15,-18.28,,
1313,0.03,0.15,-2.47,,
1314,0.03,0.16,8.57,,
1315,0.03,0.17,6.92,,
1316,0.03,0.24,41.58,,
1317,0.04,0.24,1.66,,
1318,0.03,0.18,-25.62,,
1319,0.03,0.14,-24.91,,
1320,0.04,0.15,12.49,,
1321,0.04,0.16,7.05,,
1322,0.04,0.22,34.85,,
1323,0.03,0.19,-13.91,,
1324,0.04,0.16,-14.58,,
1325,0.03,0.17,7.74,,
1326,0.03,0.15,-15.17,,
1327,0.03,0.13,-13.32,,
1328,0.04,0.14,9.35,,
1329,0.03,0.16,10.65,,
1330,0.04,0.16,0.56,,
1331,0.03,0.17,7.59,,
1332,0.04,0.17,1.93,,
1333,0.04,0.14,-17.43,,
1334,0.03,0.13,-5.72,,
1335,0.04,0.13,-0.81,,
1336,0.04,0.14,4.59,,
1337,0.04,0.13,-6.36,,
1338,0.03,0.12,-9.67,,
1339,0.03,0.11,-8.44,,
1340,0.03,0.14,30.27,,
1341,0.03,0.12,-14.75,,
1342,0.03,0.12,4.69,,
1343,0.03,0.12,-2.30,,
1344,0.03,0.14,11.82,,
1345,0.03,0.12,-11.65,,
1346,0.03,0.13,5.17,,
1347,0.03,0.15,22.57,,
1348,0.03,0.15,-0.21,,
1349,0.04,0.12,-20.43,,
1350,0.06,0.15,19.59,,
1351,0.06,0.18,19.12,,
1352,0.06,0.20,13.85,,
1353,0.05,0.16,-21.03,,
1354,0.06,0.15,-5.26,,
1355,0.05,0.16,4.31,,
1356,0.06,0.16,4.98,,
1357,0.06,0.17,3.40,,
1358,0.05,0.17,1.07,,
1359,0.05,0.16,-5.45,,
1360,0.06,0.16,0.85,,
1361,0.06,0.16,-0.61,,
1362,0.06,0.15,-4.36,,
1363,0.06,0.18,15.75,,
1364,0.06,0.19,6.87,,
1365,0.06,0.17,-8.95,,
1366,0.06,0.16,-8.39,,
1367,0.06,0.16,2.06,,
1368,0.06,0.18,9.37,,
1369,0.06,0.18,-0.14,,
1370,0.06,0.25,39.51,,
1371,0.06,0.18,-26.05,,
1372,0.07,0.17,-8.95,,
1373,0.07,0.18,9.69,,
1374,0.07,0.16,-12.35,,
1375,0.07,0.19,18.26,,
1376,0.07,0.19,-1.57,,
1377,0.07,0.15,-21.82,,
1378,0.07,0.14,-6.15,,
1379,0.07,0.13,-4.51,,
1380,0.06,0.16,20.11,,
1381,0.07,0.16,1.42,,
1382,0.07,0.15,-7.90,,
1383,0.07,0.15,-1.07,,
1384,0.07,0.15,0.81,,
1385,0.07,0.14,-3.95,,
1386,0.07,0.15,5.94,,
1387,0.07,0.14,-6.76,,
1388,0.07,0.13,-7.20,,
1389,0.06,0.12,-6.71,,
1390,0.06,0.15,27.58,,
1391,0.07,0.18,17.24,,
1392,0.06,0.15,-18.89,,
1393,0.06,0.13,-13.41,,
1394,0.06,0.13,3.12,,
1395,0.07,0.13,3.09,,
1396,0.07,0.14,0.72,,
1397,0.07,0.16,17.47,,
1398,0.06,0.16,-2.17,,
1399,0.07,0.15,-4.68,,
1400,0.07,0.15,2.70,,
1401,0.07,0.16,6.95,,
1402,0.07,0.18,12.49,,
1403,0.07,0.16,-11.74,,
1404,0.07,0.14,-11.49,,
1405,0.07,0.14,-1.74,,
1406,0.07,0.13,-6.65,,
1407,0.07,0.14,7.38,,
1408,0.07,0.15,9.48,,
1409,0.07,0.17,8.21,,
1410,0.07,0.18,8.67,,
1411,0.07,0.16,-13.83,,
1412,0.07,0.14,-7.48,,
1413,0.07,0.15,0.54,,
1414,0.07,0.14,-2.95,,
1415,0.07,0.14,1.20,,
1416,0.07,0.16,12.40,,
1417,0.07,0.18,8.94,,
1418,0.07,0.15,-13.07,,
1419,0.07,0.16,5.36,,
1420,0.07,0.14,-11.45,,
1421,0.07,0.15,7.98,,
1422,0.07,0.15,-4.87,,
1423,0.07,0.14,-7.41,,
1424,0.07,0.14,0.87,,
1425,0.07,0.15,7.85,,
1426,0.07,0.14,-3.96,,
1427,0.07,0.13,-4.36,,
1428,0.08,0.14,1.60,,
1429,0.07,0.17,24.93,,
1430,0.08,0.17,-0.68,,
1431,0.07,0.15,-10.77,,
1432,0.07,0.13,-11.33,,
1433,0.08,0.16,21.34,,
1434,0.08,0.15,-9.40,,
1435,0.08,0.14,-4.72,,
1436,0.07,0.15,6.83,,
1437,0.07,0.15,-2.20,,
1438,0.08,0.19,30.87,,
1439,0.08,0.20,5.09,,
1440,0.08,0.17,-16.75,,
1441,0.08,0.13,-24.38,,
1442,0.08,0.13,3.85,,
1443,0.08,0.13,1.64,,
1444,0.08,0.13,-1.26,,
1445,0.08,0.13,-4.81,,
1446,0.08,0.15,15.13,,
1447,0.08,0.15,3.53,,
1448,0.08,0.14,-7.96,,
1449,0.08,0.14,3.87,,
1450,0.08,0.14,-2.30,,
1451,0.08,0.15,3.83,,
1452,0.08,0.15,1.66,,
1453,0.08,0.14,-2.61,,
1454,0.08,0.14,-4.05,,
1455,0.07,0.13,-5.54,,
1456,0.08,0.14,5.81,,
1457,0.08,0.14,1.44,,
1458,0.08,0.15,6.32,,
1459,0.08,0.15,-1.39,,
1460,0.08,0.15,-1.15,,
1461,0.08,0.16,12.41,,
1462,0.08,0.17,0.53,,
1463,0.07,0.13,-20.39,,
1464,0.08,0.12,-6.91,,
1465,0.08,0.14,10.59,,
1466,0.07,0.14,2.20,,
1467,0.07,0.15,5.12,,
1468,0.07,0.15,4.54,,
1469,0.07,0.15,-1.56,,
1470,0.07,0.15,2.64,,
1471,0.07,0.15,0.44,,
1472,0.08,0.15,-3.34,,
1473,0.07,0.13,-9.48,,
1474,0.08,0.13,-0.28,,
1475,0.08,0.14,0.47,,
1476,0.08,0.14,5.54,,
1477,0.08,0.14,1.04,,
1478,0.07,0.16,7.91,,
1479,0.07,0.16,0.79,,
1480,0.07,0.15,-7.16,,
1481,0.07,0.15,1.03,,
1482,0.07,0.17,13.70,,
1483,0.08,0.19,12.06,,
1484,0.07,0.17,-10.94,,
1485,0.08,0.15,-12.12,,
1486,0.08,0.15,-0.59,,
1487,0.08,0.15,4.33,,
1488,0.06,0.15,-2.61,,
1489,0.07,0.15,2.02,,
1490,0.06,0.15,-1.28,,
1491,0.06,0.16,6.08,,
1492,0.09,0.15,-2.96,,
1493,0.08,0.14,-7.58,,
1494,0.08,0.14,-0.09,,
1495,0.07,0.14,-2.51,,
1496,0.08,0.13,-8.30,,
1497,0.07,0.15,21.13,,
1498,0.07,0.14,-6.53,,
1499,0.08,0.15,2.12,,
1500,0.07,0.14,-5.86,,
1501,0.07,0.16,18.03,,
1502,0.07,0.17,3.89,,
1503,0.08,0.16,-6.85,,
1504,0.07,0.16,2.04,,
1505,0.07,0.15,-7.58,,
1506,0.07,0.14,-3.12,,
1507,0.07,0.15,3.92,,
1508,0.07,0.15,-0.49,,
1509,0.07,0.12,-16.04,,
1510,0.07,0.13,3.85,,
1511,0.07,0.13,2.87,,
1512,0.07,0.15,13.60,,
1513,0.07,0.18,18.00,,
1514,0.07,0.15,-13.42,,
1515,0.07,0.16,0.06,,
1516,0.08,0.17,7.73,,
1517,0.07,0.15,-12.88,,
1518,0.07,0.16,11.66,,
1519,0.08,0.16,0.22,,
1520,0.08,0.18,13.35,,
1521,0.08,0.20,6.73,,
1522,0.08,0.18,-10.56,,
1523,0.08,0.18,-0.47,,
1524,0.08,0.17,-3.61,,
1525,0.07,0.15,-8.97,,
1526,0.07,0.15,-1.92,,
1527,0.07,0.17,12.88,,
1528,0.07,0.24,40.27,,
1529,0.07,0.19,-19.35,,
1530,0.08,0.19,0.08,,
1531,0.07,0.20,1.67,,
1532,0.07,0.20,1.71,,
1533,0.07,0.20,-1.70,,
1534,0.08,0.17,-11.82,,
1535,0.06,0.20,13.12,,
1536,0.06,0.20,3.91,,
1537,0.08,0.21,1.27,,
1538,0.08,0.18,-12.19,,
1539,0.07,0.17,-4.32,,
1540,0.08,0.18,4.92,,
1541,0.08,0.20,8.81,,
1542,0.08,0.19,-3.18,,
1543,0.08,0.21,8.15,,
1544,0.08,0.22,6.84,,
1545,0.08,0.25,13.60,,
1546,0.08,0.27,7.98,,
1547,0.09,0.20,-25.95,,
1548,0.09,0.20,-1.46,,
1549,0.09,0.25,25.06,,
1550,0.11,0.31,27.05,,
1551,0.10,0.35,10.50,,
1552,0.11,0.31,-11.29,,
1553,0.11,0.28,-9.65,,
1554,0.11,0.27,-1.53,,
1555,0.11,0.33,19.50,,
1556,0.11,0.40,21.66,,
1557,0.12,0.43,6.96,,
1558,0.11,0.29,-31.19,,
1559,0.09,0.31,7.42,,
1560,0.12,0.33,4.20,,
1561,0.13,0.36,9.63,,
1562,0.13,0.36,-0.21,,
1563,0.12,0.37,3.88,,
1564,0.13,0.39,3.82,,
1565,0.13,0.33,-14.82,,
1566,0.13,0.34,3.44,,
1567,0.13,0.32,-7.18,,
1568,0.12,0.32,0.57,,
1569,0.13,0.35,8.53,,
1570,0.14,0.34,-1.95,,
1571,0.12,0.33,-3.78,,
1572,0.12,0.36,10.19,,
1573,0.15,0.38,5.13,,
1574,0.14,0.44,16.63,,
1575,0.14,0.38,-13.02,,
1576,0.13,0.39,1.82,,
1577,0.13,0.42,8.49,,
1578,0.13,0.39,-7.37,,
1579,0.14,0.39,0.15,,
1580,0.13,0.37,-6.31,,
1581,0.14,0.42,15.04,,
1582,0.14,0.42,-0.74,,
1583,0.14,0.40,-4.86,,
1584,0.14,0.40,-0.25,,
1585,0.14,0.42,6.45,,
1586,0.14,0.50,18.64,,
1587,0.15,0.50,-0.10,,
1588,0.15,0.42,-16.61,,
1589,0.14,0.44,4.19,,
1590,0.15,0.49,12.76,,
1591,0.13,0.49,-1.22,,
1592,0.14,0.44,-10.31,,
1593,0.15,0.46,4.90,,
1594,0.15,0.53,15.31,,
1595,0.16,0.59,11.73,,
1596,0.15,0.63,5.97,,
1597,0.15,0.72,14.86,,
1598,0.15,0.65,-9.39,,
1599,0.13,0.53,-18.42,,
1600,0.15,0.55,3.64,,
1601,0.15,0.55,0.73,,
1602,0.15,0.54,-3.38,,
1603,0.15,0.51,-5.13,,
1604,0.16,0.52,1.87,,
1605,0.16,0.55,6.79,,
1606,0.16,0.56,0.88,,
1607,0.17,0.57,2.14,,
1608,0.16,0.66,16.05,,
1609,0.15,0.67,1.67,,
1610,0.17,0.59,-11.60,,
1611,0.17,0.61,2.99,,
1612,0.17,0.64,5.14,,
1613,0.16,0.68,5.61,,
1614,0.17,0.67,-1.44,,
1615,0.16,0.65,-2.94,,
1616,0.17,0.66,1.60,,
1617,0.17,0.67,1.97,,
1618,0.17,0.67,-0.14,,
1619,0.17,0.62,-7.61,,
1620,0.17,0.58,-6.17,,
1621,0.17,0.62,6.02,,
1622,0.16,0.70,13.91,,
1623,0.17,0.68,-2.67,,
1624,0.17,0.66,-3.73,,
1625,0.17,0.68,3.82,,
1626,0.18,0.68,-0.02,,
1627,0.18,0.63,-8.23,,
1628,0.19,0.62,-1.09,,
1629,0.18,0.65,4.28,,
1630,0.18,0.76,16.99,,
1631,0.19,0.82,7.90,,
1632,0.18,0.75,-8.38,,
1633,0.19,0.74,-1.83,,
1634,0.18,0.75,1.47,,
1635,0.19,0.75,0.52,,
1636,0.20,0.77,2.56,,
1637,0.18,0.78,1.16,,
1638,0.19,0.81,3.92,,
1639,0.20,0.73,-9.60,,
1640,0.20,0.69,-6.16,,
1641,0.20,0.75,9.00,,
1642,0.20,0.71,-5.19,,
1643,0.20,0.73,2.24,,
1644,0.20,0.71,-1.89,,
1645,0.20,0.72,1.82,,
1646,0.20,0.76,4.83,,
1647,0.21,0.89,17.37,,
1648,0.21,0.98,9.71,,
1649,0.20,0.96,-2.22,,
1650,0.21,0.92,-3.38,,
1651,0.22,0.89,-3.32,,
1652,0.20,0.80,-10.03,,
1653,0.22,0.74,-7.80,,
1654,0.22,0.65,-12.85,,
1655,0.21,0.62,-3.22,,
1656,0.25,0.72,15.63,,
1657,0.21,0.76,5.41,,
1658,0.23,0.83,8.80,,
1659,0.22,0.89,6.96,,
1660,0.22,0.83,-5.83,,
1661,0.21,0.90,7.34,,
1662,0.22,0.93,3.67,,
1663,0.24,0.91,-1.77,,
1664,0.27,0.86,-5.41,,
1665,0.22,0.86,0.00,,
1666,0.24,0.83,-3.81,,
1667,0.23,0.79,-4.95,,
1668,0.23,0.79,0.00,,
1669,0.22,0.76,-4.17,,
1670,0.23,0.76,1.09,,
1671,0.22,0.76,-1.08,,
1672,0.22,0.73,-3.26,,
1673,0.23,0.72,-1.12,,
1674,0.22,0.77,6.82,,
1675,0.23,0.83,7.45,,
1676,0.23,0.79,-4.95,,
1677,0.22,0.73,-7.29,,
1678,0.22,0.74,1.12,,
1679,0.21,0.78,5.56,,
1680,0.22,0.76,-2.11,,
1681,0.23,0.74,-3.23,,
1682,0.22,0.74,0.00,,
1683,0.22,0.72,-2.22,,
1684,0.22,0.73,1.14,,
1685,0.22,0.75,2.25,,
1686,0.24,0.76,1.10,,
1687,0.21,0.67,-11.96,,
1688,0.22,0.67,0.00,,
1689,0.24,0.66,-1.23,,
1690,0.23,0.67,2.50,,
1691,0.22,0.68,1.22,,
1692,0.22,0.67,-1.20,,
1693,0.22,0.71,4.88,,
1694,0.23,0.78,10.47,,
1695,0.22,0.78,0.00,,
1696,0.23,0.82,4.40,,
1697,0.21,0.82,0.83,,
1698,0.22,0.86,4.92,,
1699,0.22,0.89,3.13,,
1700,0.22,0.77,-12.88,,
1701,0.22,0.67,-13.04,,
1702,0.23,0.67,-1.00,,
1703,0.23,0.63,-5.05,,
1704,0.23,0.66,4.26,,
1705,0.23,0.60,-9.18,,
1706,0.23,0.68,13.48,,
1707,0.23,0.59,-12.87,,
1708,0.23,0.62,4.55,,
1709,0.21,0.72,16.30,,
1710,0.22,0.82,14.02,,
1711,0.22,0.91,10.66,,
1712,0.23,0.68,-25.19,,
1713,0.23,0.65,-3.96,,
1714,0.23,0.69,6.19,,
1715,0.24,0.70,0.97,,
1716,0.23,0.67,-4.81,,
1717,0.24,0.64,-4.04,,
1718,0.24,0.63,-2.11,,
1719,0.23,0.65,4.30,,
1720,0.24,0.69,5.15,,
1721,0.23,0.67,-1.96,,
1722,0.22,0.62,-8.00,,
1723,0.24,0.60,-3.26,,
1724,0.23,0.63,5.62,,
1725,0.22,0.65,3.19,,
1726,0.23,0.69,5.15,,
1727,0.23,0.65,-5.88,,
1728,0.23,0.67,3.12,,
1729,0.23,0.70,5.05,,
1730,0.25,0.64,-8.65,,
1731,0.25,0.59,-7.37,,
1732,0.25,0.60,1.14,,
1733,0.25,0.57,-4.49,,
1734,0.24,0.59,3.53,,
1735,0.25,0.60,1.14,,
1736,0.25,0.59,-2.25,,
1737,0.25,0.63,6.90,,
1738,0.25,0.61,-2.15,,
1739,0.25,0.60,-2.20,,
1740,0.24,0.67,12.36,,
1741,0.24,0.73,8.00,,
1742,0.24,0.67,-8.33,,
1743,0.25,0.63,-5.05,,
1744,0.25,0.57,-10.64,,
1745,0.25,0.57,1.19,,
1746,0.25,0.63,9.41,,
1747,0.25,0.61,-3.23,,
1748,0.25,0.63,4.44,,
1749,0.25,0.65,2.13,,
1750,0.25,0.64,-1.04,,
1751,0.25,0.66,2.63,,
1752,0.25,0.70,6.41,,
1753,0.25,0.69,-1.20,,
1754,0.25,0.68,-1.22,,
1755,0.25,0.65,-4.94,,
1756,0.25,0.70,7.79,,
1757,0.23,0.89,27.71,,
1758,0.23,0.84,-5.66,,
1759,0.25,0.73,-13.00,,
1760,0.24,0.67,-8.05,,
1761,0.24,0.67,-1.25,,
1762,0.24,0.69,3.80,,
1763,0.27,0.71,2.44,,
1764,0.26,0.77,9.52,,
1765,0.26,0.82,5.43,,
1766,0.26,0.82,0.00,,
1767,0.26,0.94,15.46,,
1768,0.29,0.92,-2.68,,
1769,0.29,0.79,-13.76,,
1770,0.29,0.83,4.26,,
1771,0.29,0.87,5.97,,
1772,0.29,0.92,4.81,,
1773,0.29,0.92,0.39,,
1774,0.29,0.91,-1.46,,
1775,0.29,0.90,-0.89,,
1776,0.29,0.84,-6.37,,
1777,0.30,0.88,4.36,,
1778,0.31,0.89,1.53,,
1779,0.31,0.85,-5.12,,
1780,0.31,0.85,1.06,,
1781,0.32,0.94,9.84,,
1782,0.32,0.95,0.67,,
1783,0.32,0.95,0.28,,
1784,0.31,0.90,-5.00,,
1785,0.31,0.86,-4.37,,
1786,0.32,0.86,-0.62,,
1787,0.32,0.87,1.78,,
1788,0.32,0.88,1.54,,
1789,0.33,0.88,-0.30,,
1790,0.34,0.94,6.50,,
1791,0.34,0.93,-1.14,,
1792,0.35,0.91,-2.31,,
1793,0.37,0.96,6.12,,
1794,0.38,0.99,3.07,,
1795,0.41,1.15,15.70,,
1796,0.43,1.18,2.42,,
1797,0.44,1.06,-9.98,,
1798,0.45,1.07,1.35,,
1799,0.48,1.30,20.95,,
1800,0.50,1.69,30.02,,
1801,0.50,1.59,-5.41,,
1802,0.49,1.23,-22.84,,
1803,0.50,1.21,-1.38,,
1804,0.53,1.30,6.93,,
1805,0.56,1.46,12.28,,
1806,0.57,1.40,-3.81,,
1807,0.57,1.39,-0.83,,
1808,0.57,1.46,5.34,,
1809,0.58,1.60,8.99,,
1810,0.60,1.61,1.18,,
1811,0.60,1.64,1.61,,
1812,0.61,1.82,11.02,,
1813,0.61,1.83,0.64,,
1814,0.60,1.65,-10.16,,
1815,0.58,1.41,-14.40,,
1816,0.57,1.54,9.52,,
1817,0.56,1.56,0.99,,
1818,0.55,1.52,-2.41,,
1819,0.54,1.46,-4.12,,
1820,0.53,1.36,-7.12,,
1821,0.50,1.26,-7.20,,
1822,0.49,1.16,-7.69,,
1823,0.49,1.20,3.39,,
1824,0.49,1.25,4.18,,
1825,0.50,1.32,5.37,,
1826,0.50,1.26,-4.35,,
1827,0.49,1.20,-4.55,,
1828,0.49,1.21,0.97,,
1829,0.49,1.24,2.14,,
1830,0.48,1.20,-3.17,,
1831,0.48,1.22,1.27,,
1832,0.49,1.17,-3.53,,
1833,0.49,1.13,-4.12,,
1834,0.49,1.10,-2.47,,
1835,0.48,1.06,-3.51,,
1836,0.49,1.16,9.72,,
1837,0.50,1.20,3.62,,
1838,0.51,1.25,4.09,,
1839,0.52,1.29,3.29,,
1840,0.52,1.28,-0.97,,
1841,0.52,1.26,-1.82,,
1842,0.52,1.19,-5.69,,
1843,0.51,1.09,-8.07,,
1844,0.51,1.13,3.28,,
1845,0.52,1.13,0.32,,
1846,0.54,1.26,11.88,,
1847,0.55,1.36,7.15,,
1848,0.53,1.16,-14.40,,
1849,0.52,1.11,-4.09,,
1850,0.52,1.07,-4.26,,
1851,0.52,1.04,-2.10,,
1852,0.53,1.06,1.37,,
1853,0.56,1.22,15.66,,
1854,0.59,1.32,7.91,,
1855,0.60,1.35,1.97,,
1856,0.61,1.35,0.53,,
1857,0.61,1.32,-2.32,,
1858,0.59,1.19,-10.16,,
1859,0.60,1.20,0.98,,
1860,0.61,1.29,7.84,,
1861,0.62,1.31,1.18,,
1862,0.62,1.30,-0.62,,
1863,0.62,1.25,-3.99,,
1864,0.63,1.23,-1.15,,
1865,0.65,1.25,1.74,,
1866,0.67,1.33,6.35,,
1867,0.68,1.41,5.30,,
1868,0.67,1.36,-2.99,,
1869,0.67,1.27,-6.57,,
1870,0.68,1.28,0.42,,
1871,0.70,1.31,2.80,,
1872,0.74,1.37,4.22,,
1873,0.78,1.38,0.78,,
1874,0.77,1.32,-4.54,,
1875,0.77,1.30,-1.49,,
1876,0.77,1.30,0.21,,
1877,0.77,1.30,-0.07,,
1878,0.76,1.26,-3.03,,
1879,0.75,1.20,-4.47,,
1880,0.75,1.23,2.01,,
1881,0.76,1.21,-1.24,,
1882,0.76,1.22,0.15,,
1883,0.77,1.22,0.00,,
1884,0.76,1.17,-3.44,,
1885,0.76,1.13,-3.47,,
1886,0.75,1.12,-0.90,,
1887,0.75,1.10,-2.01,,
1888,0.76,1.10,-0.21,,
1889,0.78,1.11,0.82,,
1890,0.81,1.11,0.41,,
1891,0.82,1.12,0.81,,
1892,0.82,1.12,0.40,,
1893,0.82,1.10,-1.91,,
1894,0.82,1.07,-2.66,,
1895,0.82,1.06,-1.37,,
1896,0.83,1.06,-0.21,,
1897,0.85,1.08,2.03,,
1898,0.86,1.10,1.78,,
1899,0.88,1.09,-1.03,,
1900,0.90,1.13,4.06,,
1901,0.91,1.13,-0.30,,
1902,0.91,1.13,0.00,,
1903,0.92,1.14,1.10,,
1904,0.92,1.14,-0.40,,
1905,0.92,1.14,0.40,,
1906,0.93,1.14,-0.10,,
1907,0.95,1.16,1.59,,
1908,0.96,1.17,1.27,,
1909,0.96,1.17,0.19,,
1910,0.97,1.20,2.12,,
1911,0.98,1.20,0.28,,
1912,1.01,1.24,2.82,,
1913,1.04,1.24,0.64,,
1914,1.05,1.28,2.55,,
1915,1.21,1.43,12.50,,
1916,1.38,1.69,18.10,,
1917,1.76,2.12,25.20,,
1918,2.19,2.59,22.00,,
1919,2.50,2.85,10.10,,
1920,2.88,3.29,15.40,,
1921,2.70,3.01,-8.60,,
1922,2.17,2.58,-14.00,,
1923,2.00,2.43,-6.00,,
1924,2.03,2.41,-0.70,,
1925,2.05,2.42,0.30,,
1926,2.00,2.40,-0.80,,
1927,2.04,2.34,-2.40,,
1928,2.01,2.34,-0.30,,
1929,2.02,2.31,-0.90,,
1930,2.00,2.25,-2.80,,
1931,1.96,2.15,-4.30,,
1932,1.92,2.10,-2.60,,
1933,1.91,2.05,-2.10,,
1934,1.93,2.05,0.00,,
1935,1.96,2.07,0.70,,
1936,2.01,2.08,0.70,,
1937,2.06,2.15,3.40,,
1938,2.15,2.19,1.60,,
1939,2.17,2.25,2.80,,
1940,2.79,2.63,16.80,,
1941,3.05,2.91,10.80,,
1942,3.43,3.12,7.10,,
1943,3.78,3.22,3.40,,
1944,3.84,3.31,2.70,,
1945,3.82,3.40,2.80,,
1946,3.97,3.51,3.10,,
1947,4.27,3.75,7.00,,
1948,4.66,4.04,7.70,,
1949,4.86,4.16,2.80,,
1950,5.08,4.32,3.92,,
1951,5.58,4.71,9.05,,
1952,6.04,5.21,10.65,,
1953,6.40,5.40,3.63,,
1954,6.82,5.52,2.29,,
1955,7.40,5.80,5.07,,
1956,8.00,6.10,5.16,,
1957,8.43,6.34,3.84,,
1958,8.73,6.52,2.88,,
1959,8.96,6.56,0.60,,
1960,9.48,6.61,0.79,,
1961,10.15,6.83,3.25,,
1962,10.50,7.11,4.20,,
1963,10.95,7.26,2.11,,
1964,11.88,7.50,3.23,,
1965,12.68,7.82,4.26,,
1966,13.50,8.13,4.00,,
1967,14.00,8.31,2.24,,
1968,15.19,8.64,4.00,,
1969,16.36,9.09,5.20,,
1970,18.43,9.69,6.52,,
1971,20.64,10.60,9.41,,
1972,23.25,11.36,7.19,,
1973,26.62,12.42,9.35,,
1974,31.65,14.38,15.73,,
1975,40.82,17.64,22.70,,
1976,47.55,20.40,15.66,,
1977,52.29,23.45,14.94,,
1978,59.23,25.20,7.47,,
1979,69.14,28.07,11.37,,
1980,83.99,32.32,15.15,,
1981,95.56,36.14,11.81,,
1982,104.82,39.07,8.11,,
1983,113.91,41.00,4.93,,
1984,121.02,42.74,4.26,,
1985,131.80,44.84,4.92,,
1986,142.27,46.34,3.33,,
1987,153.54,47.82,3.20,,
1988,167.66,49.62,3.76,,
1989,183.73,52.22,5.24,,
1990,203.12,55.86,6.97,,
1991,218.93,60.07,7.53,,
1992,232.05,62.63,4.26,,
1993,238.97,64.20,2.51,,
1994,247.98,65.47,1.98,,
1995,256.08,67.21,2.66,,
1996,265.37,68.82,2.40,,
1997,277.08,70.07,1.82,,
1998,291.50,71.17,1.56,,
1999,304.84,72.11,1.33,,
2000,317.67,72.69,0.80,,
2001,334.00,73.58,1.23,,
2002,344.58,74.51,1.26,,
2003,355.67,75.52,1.36,,
2004,371.17,76.54,1.34,,
2005,388.50,78.11,2.06,,
2006,406.75,79.93,2.33,,
2007,426.58,81.79,2.32,,
2008,441.75,84.73,3.60,,
2009,441.42,86.57,2.17,,
2010,451.58,89.42,3.30,,
2011,462.17,93.41,4.46,,
2012,468.50,96.06,2.83,,
2013,474.00,98.52,2.56,,
2014,479.83,99.96,1.46,,
2015,491.50,100.00,0.04,,
2016,503.17,100.66,0.66,,
